year,age_5group,unemployment_rate,ci_lower,ci_upper,weighted_numerator,weighted_denominator,effective_n,unweighted_n
2010,15-19,31.805286581380283,30.683890525396563,32.948185285989304,327314.32365275,1029119.24033525,6497.147658372516,8747
2010,20-24,14.943309526170776,14.606622524725834,15.286368004978259,1150927.6681659168,7701959.637189167,42268.56262656095,54950
2010,25-29,8.028705460627252,7.800475700451659,8.263014410371522,832407.8903670834,10367896.723191667,53039.742000084574,68473
2010,30-34,6.709864202386144,6.489403315012137,6.937259055137791,647913.5230543333,9656134.662515584,47962.153452277314,62196
2010,35-39,5.77282362680807,5.572474441111852,5.97991987215242,534206.9291865,9253823.842906415,50357.91185402836,64866
2010,40-44,5.575306812109307,5.378125152044957,5.779276315921839,473315.8128158334,8489502.529041333,50278.88036988324,64523
2010,45-49,5.713755066167405,5.530008022651697,5.903226007430551,580782.9846701666,10164646.155540166,59439.493744934865,76444
2010,50-54,5.792421003857412,5.605040120930382,5.985668952295416,557863.0775385833,9630913.864290584,57885.94823541425,74755
2010,55-59,5.1435652792473165,4.919752123399979,5.376984509310377,314708.85473175003,6118496.366742,35872.23922789621,46899
2010,60-64,4.236087081306941,3.9140791918600897,4.583322637527367,94268.21882225,2225360.740062167,13933.252964444931,18102
2010,65-69,4.179915953003209,3.5751878810529223,4.881752695966903,23500.986204416666,562235.8551858333,3621.2924080196904,4514
2010,70-74,2.5038533114965396,1.8730957992636001,3.339786603533964,6955.31460625,277784.4282775833,1774.677348997631,2265
2011,15-19,30.78507678426788,29.57253777188181,32.0247253887347,268208.4662515,871228.836397,5441.709773095416,7586
2011,20-24,13.400332307090434,13.069116178478238,13.738615968677973,1009164.2585406667,7530889.797461917,39782.63475117575,53120
2011,25-29,7.101418599796064,6.884823674909339,7.324291569434473,747378.7269656666,10524358.147076834,52494.393400329616,69489
2011,30-34,5.999909368225601,5.7886132681475955,6.218409125614416,591442.96486,9857531.648597417,46923.58136989793,62090
2011,35-39,5.142304541632262,4.951548841389898,5.339996133760377,479860.4837265,9331623.20203975,49685.223115147564,64920
2011,40-44,4.780514768636062,4.5949310154902765,4.97320330697659,408462.1625378333,8544313.370134667,48895.255599818345,64197
2011,45-49,4.978705744513899,4.8004687566962465,5.163201588815208,479504.32424925,9631103.92249275,55261.02949272885,72191
2011,50-54,5.314628567227652,5.134254472199587,5.500972023685953,522675.8872059167,9834664.466092084,57508.84771324729,75384
2011,55-59,4.65818742104873,4.448629178073258,4.877113308006271,294157.01410225,6314838.530821167,37183.46117801101,48552
2011,60-64,3.881915722547704,3.581487031489873,4.206446062516371,96935.83883916667,2497113.429746167,14697.28727278907,19405
2011,65-69,3.1698609033564957,2.6544999554664916,3.7813905408407065,18289.359520916667,576976.72164575,3737.4188550345657,4814
2011,70-74,2.390683367296268,1.7677799320908454,3.2258681985871505,6320.268655166667,264370.7963014167,1719.2415121645981,2184
2012,15-19,28.177174413846018,26.88470942969033,29.506698601331443,199766.69797916667,708966.3961515,4520.351093000848,6354
2012,20-24,13.376716542610726,13.030378470479661,13.730806675502041,921988.86560025,6892490.116414667,36292.78717484646,48622
2012,25-29,6.074885423553549,5.875747319030071,6.280322299449531,659878.8605724167,10862408.334714167,53573.756094964156,71129
2012,30-34,4.828694478514251,4.638672645809771,5.026090227135263,482029.33479008335,9982601.652163334,47060.35401125829,62637
2012,35-39,4.415225042682456,4.2378212732962846,4.599698580087047,420525.2087065,9524434.307226416,49534.427800625126,64916
2012,40-44,3.7660966865148726,3.604494896826539,3.934647904037378,326116.6500401667,8659274.500516167,51109.90198503511,66233
2012,45-49,4.105485913854419,3.940451392294555,4.277124671713377,376744.10881741665,9176602.154352833,53386.703026044306,69481
2012,50-54,4.167651715788275,4.009326676153467,4.331946730918955,415690.4383903334,9974212.499945167,58979.00653150169,77188
2012,55-59,3.5616465035400218,3.380430212317711,3.752200078302643,232005.89920241665,6514006.905845917,38206.63418698213,50623
2012,60-64,2.733807707065928,2.4885459809215327,3.002497218134847,69906.235204,2557101.40195,15496.653520903901,20324
2012,65-69,3.257232471509983,2.7546279176444752,3.8479127072179042,20241.304273916667,621426.4548496667,4073.570441259687,5304
2012,70-74,2.8468815852849954,2.094688502300003,3.8585385234428315,5766.390933583334,202551.13396316668,1392.39743184695,1752
2013,15-19,26.109982925958864,24.855837381700194,27.40433097516758,179087.03788141668,685894.8869835,4561.670910602192,6303
2013,20-24,12.628757391195734,12.275387947468072,12.990792830843088,880442.7258907501,6971728.877336416,33127.974177891556,44826
2013,25-29,6.009735220864487,5.809015933740742,6.216932209090617,647802.1943326667,10779213.568072667,52171.08541401392,70104
2013,30-34,4.957869000539781,4.766939408704297,5.15603183723222,492170.62189016666,9927059.8282565,47838.446436173166,64288
2013,35-39,4.418073162324364,4.242922756373388,4.6001065429831085,420072.124305,9508039.112779167,50875.64084328354,67157
2013,40-44,4.085820158374633,3.9196868427026623,4.258682817339627,352779.7846254167,8634246.514798999,52416.557818596775,67546
2013,45-49,4.09041666061725,3.9220010338781472,4.265743174110343,375217.47784875,9173086.973299418,51034.40591852014,66120
2013,50-54,4.380941109557396,4.2125906511203235,4.555699482873239,434330.53056841664,9914091.965785334,54692.18352959623,72227
2013,55-59,3.7873581374996426,3.6002641731804874,3.9837729693283648,248169.89880825,6552585.9926225,38087.883485893704,50665
2013,60-64,3.310024685484756,3.0460110984056814,3.5960729420649615,86245.03283675,2605570.6839575833,16275.741722649516,21509
2013,65-69,2.8657865980242323,2.4314855055166738,3.374977301044524,19769.955192666668,689861.3876656666,4831.652773018367,6280
2013,70-74,2.6126831224020313,1.8585410409363714,3.6614177533643746,4550.728082166666,174178.33962133335,1232.0107493868038,1634
2014,15-19,27.97359436303536,26.647093757549868,29.339716437630127,161551.58876583332,577514.5898995,4267.253587602991,5741
2014,20-24,12.373199388326825,12.001466168520237,12.754777783853594,790316.6912578334,6387326.886556417,29359.129647510243,39999
2014,25-29,5.621449556688821,5.42483855394383,5.824747417651052,617422.5012351667,10983332.590799667,50985.23846831072,68136
2014,30-34,4.760975109429289,4.573647884717064,4.955576430730204,485813.69658083335,10204079.7402755,47777.72126490306,64792
2014,35-39,4.141229277717455,3.97261536055874,4.316678143531134,396056.6178446667,9563745.238055583,51544.337815166946,67520
2014,40-44,3.7617161714074205,3.6028433297289384,3.9273093317445746,334984.00357558334,8905084.496320501,52857.480239945195,68515
2014,45-49,3.8729852438302452,3.7056879781135548,4.047517858555029,340006.5588935,8778927.299946167,48976.526318647615,63868
2014,50-54,4.113815447305677,3.946877432976463,4.287499136091778,407960.26330008334,9916834.348202834,52257.76396685012,69843
2014,55-59,3.6957090523401286,3.5098813143045082,3.890978546164857,246811.92048066668,6678337.417399917,37674.74944522847,50881
2014,60-64,3.263251255709358,3.004457119429795,3.5435226962585125,89119.663031,2731008.3118815003,16714.950942749318,22036
2014,65-69,2.9346670375840307,2.5343341005857862,3.3960346396312944,21054.24987375,717432.3221036667,5920.645496655312,7566
2014,70-74,2.4387137979515248,1.6873199493663313,3.512761057214195,3381.7693985833334,138670.2039995,1128.6723554346133,1453
2015,15-19,32.35115257410512,30.818676805614874,33.92246596294076,197724.83762791666,611183.2868241667,3487.4806158244546,5783
2015,20-24,14.311579816086969,13.90366543894897,14.729414406494723,840274.2036475,5871288.9453545,27635.805549597048,38313
2015,25-29,6.155816002517926,5.949147552017521,6.369177744313831,689263.19672125,11196942.800748417,50322.85729593784,68330
2015,30-34,5.116756693979644,4.925769158664218,5.314735459054066,543164.0177475833,10615396.6317505,49319.99335790987,66468
2015,35-39,4.458922078488483,4.284460477255264,4.64014329820836,441251.646581,9895926.387899084,51757.71160241829,68894
2015,40-44,4.078418993146953,3.916389971040273,4.246855195019542,374268.54723175004,9176804.733908918,55061.21644938253,71907
2015,45-49,3.9912656883126285,3.8243034570305907,4.165201505591804,343959.78322975,8617812.245297167,50684.75930501508,65609
2015,50-54,4.497870411069047,4.322028551672824,4.680516425346548,444891.1176950833,9891150.189659249,51374.92934214837,68442
2015,55-59,3.89333078250595,3.7070447180372543,4.088580600819943,273655.05992283334,7028816.07574825,39514.61793111467,53339
2015,60-64,3.1588147611730726,2.9122719615680976,3.425492619389959,92346.28101408333,2923447.1786433333,17869.310805162095,23719
2015,65-69,2.955767991113894,2.587495404973611,3.374640195930019,23939.518336,809925.4883323333,7139.235297194124,8991
2015,70-74,1.8009187857336462,1.1600424012313242,2.7858740030028963,2225.07563125,123552.24726825,1072.393217930352,1367
2016,15-19,29.029407669963582,27.527051823121916,30.579161472550364,177727.19401,612231.55508575,3395.362815498536,5801
2016,20-24,14.898147303413847,14.474597709550194,15.331868842577576,806181.3446116666,5411285.901482083,26508.751302181816,36401
2016,25-29,6.270797024423288,6.059296792128223,6.489169730545403,703394.9875839166,11216994.982366,48882.17447078245,66547
2016,30-34,5.123168574116724,4.934393738741137,5.318761302274071,559730.1002479166,10925467.162563916,50566.768975806626,68633
2016,35-39,4.585630072805438,4.407347680441027,4.77076427986027,460843.29014025,10049726.707638916,50919.14458953028,67886
2016,40-44,4.032426082604741,3.8719056002095567,4.199310669952069,380275.79363183334,9430446.729632167,55489.442708776834,72247
2016,45-49,3.967565710815927,3.8023931264265918,4.139604491109821,337836.33426208334,8514952.46420525,51504.068655073184,66291
2016,50-54,4.345150179769507,4.170167233231995,4.527128660587056,418179.25203250005,9624045.999134667,50137.06802106714,67022
2016,55-59,3.8003004742503363,3.6160108472200343,3.9935932409752226,271959.29514883336,7156257.695715,39421.125669784196,54179
2016,60-64,3.3576403345368933,3.1078452265012624,3.6267613719286356,101296.871512,3016906.559944917,18538.573827222725,24449
2016,65-69,3.340500562707447,2.954583161473427,3.7748644212071234,28317.3007525,847696.3323589166,7395.690139524803,9403
2016,70-74,2.151142663891266,1.45003855811555,3.1802961861993104,2724.5417680833334,126655.55910433334,1116.778824653067,1408
2017,15-19,28.130438399902225,26.669379520531578,29.639187952018442,151770.93361425,539525.6606266667,3519.3221065839152,5514
2017,20-24,14.783748492621465,14.364913041797791,15.212626477614547,706546.64806725,4779211.7704105005,26937.919993569587,35533
2017,25-29,5.912595976888628,5.704451705518273,6.127841474881008,656455.2743460833,11102657.39299725,47694.94526650526,64524
2017,30-34,4.717523118364729,4.540244461106569,4.9013683978323055,522729.18619750004,11080585.575989667,52976.44724739754,70781
2017,35-39,4.145648194089585,3.980639034612171,4.317189924183887,427976.81968041667,10323519.981521334,53925.19032436979,71610
2017,40-44,3.8650470149239973,3.7136939287100006,4.022310872834105,369672.6359819167,9564505.542998834,59963.1243448001,77366
2017,45-49,3.915298797545704,3.7559638547954495,4.081106404808735,337146.71087825,8611008.464784084,54697.73671932253,70200
2017,50-54,4.080877282337034,3.912523448975616,4.256154415122815,373311.2545995,9147818.686322084,50953.486309364635,66193
2017,55-59,4.06261534912808,3.8745252682077838,4.259431723259689,296216.305203,7291271.256250584,40440.953872601414,54898
2017,60-64,3.2951461283466155,3.0501426422781632,3.5591071145415016,99225.92251066667,3011275.331830417,18924.263162351002,24943
2017,65-69,3.7147936978774694,3.288963758729753,4.193366287037145,35156.70773333334,946397.312815,6738.433113147925,8840
2017,70-74,2.0434104078097772,1.2649546691412643,3.2849906272276117,2981.9876359166665,145931.90014691665,791.7254859508697,1746
2017,75-79,2.288351796588623,1.0299187954396358,5.006648005649151,2162.546910583333,94502.3800015,247.25375454940064,492
2017,80+,1.1023801386340553,0.16793543189712185,6.878131568700946,230.94642858333336,20949.799482916667,73.7566789804957,136
2018,15-19,27.274211332777,25.428460326100893,29.20147450967095,142092.97050758335,520979.20916533336,2138.1744168362216,5185
2018,20-24,15.32056777270355,14.885378379078166,15.766123605707818,677037.6801856667,4419142.229127667,25698.254691483766,33894
2018,25-29,5.554894058828771,5.345674418504509,5.771802848656795,586432.8484119166,10557048.292934751,44405.242841312254,59572
2018,30-34,4.3661156204622475,4.193826525052168,4.5451468435824065,500412.76136191667,11461280.572064584,51997.75068256191,70857
2018,35-39,3.9287835928778825,3.7684084605363615,4.0956934498339885,410608.25554758334,10451282.078553166,54162.38315981183,71880
2018,40-44,3.533113404877165,3.388169276907535,3.6840217237692054,344713.52931275003,9756650.57444525,59853.6090162543,76863
2018,45-49,3.527922388900253,3.377247748450395,3.685062942595486,307153.63231433334,8706360.24422525,55215.140200992784,70872
2018,50-54,3.6876168536074623,3.5253650306416864,3.8570376248028353,322579.15495683334,8747632.082255667,49628.854174441185,64674
2018,55-59,3.3873300519048217,3.2164941298318475,3.566905090723734,253459.68948458333,7482580.250544334,40975.27744617201,55368
2018,60-64,2.892384404587807,2.668005415302256,3.135025841027427,92564.57866825,3200286.1902251667,19814.090270065248,26575
2018,65-69,3.041095108922361,2.6664760482768126,3.46647080090817,31159.181736416667,1024603.9870636667,7104.22283310077,9361
2018,70-74,1.7127204524671307,1.103884018032431,2.6483622605889687,3275.4923541666667,191245.00728933333,1131.351600292052,2095
2018,75-79,1.2310169901112915,0.43701456557118606,3.418099307404396,942.2909053333333,76545.72706166666,265.1223542875267,448
2018,80+,1.528277138909362,0.19936459349310792,10.760303476439647,519.62553425,34000.73985408334,43.27974738660504,160
2019,15-19,24.486330131553082,22.978298061513243,26.059846234660938,116054.59162575,473956.65664166666,2989.5512072237657,5071
2019,20-24,14.462125086686276,14.016759703746814,14.919186041439012,615594.3371735833,4256596.686058917,23341.281846648526,30795
2019,25-29,5.699291974062361,5.472659123497703,5.934720869356464,556004.6775369167,9755679.8294825,38690.67427949788,52151
2019,30-34,4.356620097010283,4.175619853783022,4.545094004417124,504279.15250633337,11575008.636910833,46917.497290565516,64947
2019,35-39,3.629727479350348,3.474848296875764,3.7912387201772257,385450.3501366667,10619264.1824905,53713.86816621069,72176
2019,40-44,3.4211626347414676,3.2759469109793153,3.572577701755591,333724.34611275,9754705.687587667,57721.849273844564,74656
2019,45-49,3.527366690840509,3.3746017859810538,3.6867832482408054,312878.5578944167,8870032.103746584,53673.85924794651,70043
2019,50-54,3.656811071988898,3.489515953949011,3.8318082460513554,304760.29238175,8334045.33026625,46224.19203377827,60748
2019,55-59,3.1867566970042285,3.0163414864815943,3.3664657060799215,237671.41301666666,7458097.232214,38695.3288287516,52440
2019,60-64,2.395608580467654,2.1901637792735835,2.619808622286255,79284.93948925,3309594.9035953335,19496.87441929664,26514
2019,65-69,3.006473148251431,2.645146016591594,3.4154260265906373,34262.153687,1139612.828637,7577.087380175532,10185
2019,70-74,2.0082760237628676,1.427535777412392,2.8185137570392205,4529.834018333333,225558.33783475,1602.783815018381,2443
2019,75-79,2.417573044702228,1.2440267595235983,4.646095283286571,1668.6746735833333,69022.72000591666,342.68005789707775,501
2019,80+,4.51597768241583,2.198552572825993,9.05008934428558,1770.8648086666667,39213.320640666665,153.80374234933453,272
2020,15-19,27.1287366609874,25.623983988420427,28.687771247818006,126695.15894275,467014.592408,3233.296268761357,5296
2020,20-24,16.221447546838725,15.748534352228818,16.705746005016543,670647.4323515,4134325.4380660835,22790.346395938934,30486
2020,25-29,7.487249475048069,7.216833524459582,7.766949754334526,665024.5680921667,8882094.423438417,35176.080710843824,48172
2020,30-34,6.025174460381845,5.813168614155715,6.24439953926617,691773.2656065833,11481381.496175667,46795.44856430743,63912
2020,35-39,5.092357679044682,4.909256576438603,5.281908592934923,553332.530023,10865940.000640417,53489.462797702836,72332
2020,40-44,4.601771566894626,4.437169291847023,4.772175041632056,457740.68415225,9947053.596603084,60120.07579369407,77058
2020,45-49,4.2870649704762664,4.122753111989382,4.457620993990094,386620.15553883335,9018294.758800501,56242.06387240242,72779
2020,50-54,4.442531719709498,4.260000939014833,4.632505075235206,359601.8044314167,8094524.183947333,47024.812561247956,61545
2020,55-59,4.002923813643757,3.808539332988729,4.206795616363499,302422.78500333335,7555047.23753525,37244.9992228641,51597
2020,60-64,2.8063264689648277,2.585020092464818,3.0459867094178956,99799.48144508334,3556232.0545655,19751.405058252854,27657
2020,65-69,2.452292887142299,2.1241425935986804,2.829672183384508,28091.258222666667,1145509.91726775,7416.685014598951,9970
2020,70-74,2.4373763374321724,1.7879298184157955,3.314765369451246,5621.046077083333,230618.71860975,1599.2808179067308,2309
2020,75-79,1.6432441734093999,0.6866835848915835,3.8802461762026295,873.9762105000001,53186.0221775,286.3092409914143,427
2020,80+,6.62308811327184,3.1604111782567954,13.35635925936095,2319.3291117499994,35018.847282166666,98.05477778214764,217
2021,15-19,28.728155213730933,27.330923627891828,30.167164190127988,133682.50921041667,465336.2118655,3908.079065430021,5257
2021,20-24,15.151388547245853,14.692830557974649,15.62163722660592,622334.3357971667,4107440.9375521666,22898.058230007875,30603
2021,25-29,5.928637671716001,5.68054821661357,6.186851349216673,485219.02394525,8184325.823453584,33440.37122173821,45842
2021,30-34,4.801693333845902,4.608203321760866,5.002881553484297,556152.9289943334,11582433.327721167,45104.69390339029,62548
2021,35-39,4.138627177655572,3.9725182996731174,4.3113699702601105,463008.1405156667,11187481.274357,53109.466502986856,72008
2021,40-44,3.544556012145047,3.400398113072159,3.694591658659488,360587.44222408335,10172993.203903917,60718.97007770574,78285
2021,45-49,3.369065795317086,3.2242043756256034,3.5201989986160704,311589.4183391667,9248540.612423416,57118.924480840935,73506
2021,50-54,3.7786305910045863,3.6098277971583927,3.955003060307711,305953.0502049167,8096929.372595167,46908.99865724618,62435
2021,55-59,3.814677710245558,3.625910516956447,4.0128630482236165,291339.3646384167,7637325.7917944165,37672.159400403514,52148
2021,60-64,2.8174604044789784,2.6047771260217334,3.046966253043989,108197.0897755,3840234.61708625,21544.564254561094,30204
2021,65-69,2.080193119522602,1.777663147693789,2.4329335917923873,23679.63653866667,1138338.3742804166,7328.567627337452,9948
2021,70-74,2.0373503410255287,1.4324830255715917,2.890134605999173,4802.078017749999,235702.12354016668,1482.5155163943793,2399
2021,75-79,3.099662867784569,1.5624808654159095,6.0560979768601735,1314.99229425,42423.71994441667,250.04660796411073,362
2021,80+,11.768796700095354,6.670888993538905,19.930575499229825,3500.208674416667,29741.43205641667,92.02653869260487,196
2022,15-19,25.958018379693893,24.522690087919212,27.446807427733237,107737.45109958417,415044.97579007666,3451.2642604124253,4860
2022,20-24,13.608879865409932,13.166619897529758,14.06358914618266,519384.46471983416,3816511.497319982,22454.424413748337,29770
2022,25-29,5.229048267495037,4.989299644867101,5.4796529892411,391058.3523249158,7478576.068150378,31680.79324694171,43418
2022,30-34,3.969966103245216,3.7860814242318677,4.162395431083487,452183.94451537,11390121.042739786,41384.045475461935,57553
2022,35-39,3.328605439057228,3.1786915093256636,3.4853351196739766,378049.43440695,11357592.280869018,52605.54621699687,72473
2022,40-44,2.820066732978205,2.691389057938011,2.954709793548946,295986.0663512471,10495711.427320136,60759.96664051814,79166
2022,45-49,2.859631611211775,2.7282742992298084,2.9971184730868896,268945.9436989928,9404915.746648444,59082.97147674915,75697
2022,50-54,2.77977038920848,2.6373533404379352,2.9296465488347243,229828.48747240417,8267894.65650241,48633.20686041258,64118
2022,55-59,2.9189554469463,2.7502507001596945,3.0976791782081246,218846.76757653165,7497434.3238256965,36099.59683538194,51147
2022,60-64,2.448053120481252,2.2494280465317398,2.6637389049451645,100158.465133565,4091351.7887175297,21410.137241224063,30794
2022,65-69,1.8590008688596367,1.5716971020513992,2.1976507069929774,21064.9243462775,1133131.4954790375,7199.500918765758,10123
2022,70-74,1.6730832358635803,1.1353376379659068,2.459193194864726,3693.5277965249998,220761.74797236224,1491.1062048112888,2216
2022,75-79,1.3103687217807212,0.3611700903631131,4.63805530827585,534.6438988083333,40801.02721635334,153.4342701993117,381
2022,80+,4.496028069749686,1.6337454496397938,11.772791266499093,1015.0519059666666,22576.636315866665,75.35319672863174,146
2023,15-19,19.640151173409418,18.393526389237422,20.949576311919348,99391.92588233732,506064.9737610113,3710.3448797557126,5359
2023,20-24,10.375789207297577,9.99063821848582,10.774010933969683,393902.4958745783,3796361.780340872,23287.081469781304,30829
2023,25-29,3.772781410101595,3.56571685919823,3.991372709276228,269818.78571949917,7151720.611140135,30807.96295109754,41976
2023,30-34,3.3634208500438634,3.1892885156915183,3.546712344638028,365700.9420699617,10872886.81299554,39116.01093214349,54358
2023,35-39,2.5258538045581473,2.3945950222521226,2.6641111026232807,297109.9376374612,11762752.741322462,52112.916989575206,71423
2023,40-44,2.3475256368803947,2.2306267545678256,2.470395961209182,248362.6318585375,10579762.280619195,61306.31360018346,79561
2023,45-49,2.2509945102026356,2.134571545348032,2.3736133613746064,217185.97346648082,9648445.275280997,59205.06875117504,76083
2023,50-54,2.2449767502342186,2.118683805558971,2.3786149669802925,188297.60287151168,8387507.926390178,49946.37237297621,66238
2023,55-59,2.3378215783810536,2.18806220941665,2.4975693225798974,174265.77850595667,7454194.970115559,36657.235325704925,51175
2023,60-64,2.694164739833989,2.4899235958573325,2.9146584166286966,119632.367165505,4440425.093414169,22358.632152506987,32640
2023,65-69,1.9718272591393564,1.6783380412851128,2.315430016410929,22825.47448460167,1157579.8224112343,7359.368163264104,10466
2023,70-74,1.0486388023487738,0.6418514329103711,1.7088026252383277,2309.7988834666667,220266.3947102765,1480.4688288671493,2265
2023,75-79,1.6311652016169056,0.6662213726848789,3.938306179943972,597.7629081166667,36646.37447660908,273.02827997541834,398
2023,80+,5.163476558863766,1.6805345120752977,14.779777796367405,1140.5254159416668,22088.323689275,52.32275824422175,141
